{"cameraMode":{"drawMode":0,"name":"Shaded","section":"Shading Mode"},"sceneLighting":false,"audioPlay":false,"sceneViewState":{"m_AlwaysRefresh":false,"showFog":true,"showSkybox":false,"showFlares":true,"showImageEffects":true,"showParticleSystems":true,"showVisualEffectGraphs":true,"m_FxEnabled":true},"in2DMode":false,"pivot":{"x":-0.047571487724781039,"y":-0.7601369619369507,"z":-0.4556103050708771},"rotation":{"x":0.020813964307308198,"y":-0.799892783164978,"z":0.6002448201179504,"w":0.02530280500650406},"size":1.207395076751709,"orthographic":false}