{"cameraMode":{"drawMode":0,"name":"Shaded","section":"Shading Mode"},"sceneLighting":false,"audioPlay":false,"sceneViewState":{"m_AlwaysRefresh":false,"showFog":true,"showSkybox":false,"showFlares":true,"showImageEffects":true,"showParticleSystems":true,"showVisualEffectGraphs":true,"m_FxEnabled":true},"in2DMode":false,"pivot":{"x":-0.049706172198057178,"y":-5.10598087310791,"z":0.6426519751548767},"rotation":{"x":0.6622496247291565,"y":0.006392647512257099,"z":-0.007757547311484814,"w":0.7500759959220886},"size":3.007394790649414,"orthographic":false}