{"cameraMode":{"drawMode":0,"name":"Shaded","section":"Shading Mode"},"sceneLighting":false,"audioPlay":false,"sceneViewState":{"m_AlwaysRefresh":false,"showFog":true,"showSkybox":true,"showFlares":true,"showImageEffects":true,"showParticleSystems":true,"showVisualEffectGraphs":true,"m_FxEnabled":true},"in2DMode":false,"pivot":{"x":0.1292964518070221,"y":1.0941047668457032,"z":1.0900051593780518},"rotation":{"x":0.5782779455184937,"y":0.03040962666273117,"z":-0.02301141805946827,"w":0.815582275390625},"size":6.266026496887207,"orthographic":false}