{"cameraMode":{"drawMode":0,"name":"Shaded","section":"Shading Mode"},"sceneLighting":false,"audioPlay":false,"sceneViewState":{"m_AlwaysRefresh":false,"showFog":true,"showSkybox":true,"showFlares":true,"showImageEffects":true,"showParticleSystems":true,"showVisualEffectGraphs":true,"m_FxEnabled":true},"in2DMode":false,"pivot":{"x":650.0684204101563,"y":-36.134033203125,"z":-127.25117492675781},"rotation":{"x":0.03483382239937782,"y":0.012960552237927914,"z":0.00005436903302324936,"w":1.000105857849121},"size":118.05797576904297,"orthographic":false}