{"cameraMode":{"drawMode":0,"name":"Shaded","section":"Shading Mode"},"sceneLighting":false,"audioPlay":false,"sceneViewState":{"m_AlwaysRefresh":false,"showFog":true,"showSkybox":true,"showFlares":true,"showImageEffects":true,"showParticleSystems":true,"showVisualEffectGraphs":true,"m_FxEnabled":true},"in2DMode":false,"pivot":{"x":1.485658049583435,"y":1.2492166757583619,"z":-0.0669073536992073},"rotation":{"x":0.42306816577911379,"y":0.02722988650202751,"z":-0.014808994717895985,"w":0.9062834978103638},"size":1.7015290260314942,"orthographic":false}