{"cameraMode":{"drawMode":0,"name":"Shaded","section":"Shading Mode"},"sceneLighting":false,"audioPlay":false,"sceneViewState":{"m_AlwaysRefresh":false,"showFog":true,"showSkybox":true,"showFlares":true,"showImageEffects":true,"showParticleSystems":true,"showVisualEffectGraphs":true,"m_FxEnabled":true},"in2DMode":false,"pivot":{"x":0.5698791146278381,"y":-5.887367248535156,"z":0.8512964248657227},"rotation":{"x":-0.6263313889503479,"y":-0.023944351822137834,"z":0.020535534247756006,"w":-0.7796543836593628},"size":4.466025352478027,"orthographic":false}