{"cameraMode":{"drawMode":0,"name":"Shaded","section":"Shading Mode"},"sceneLighting":false,"audioPlay":false,"sceneViewState":{"m_AlwaysRefresh":false,"showFog":true,"showSkybox":true,"showFlares":true,"showImageEffects":true,"showParticleSystems":true,"showVisualEffectGraphs":true,"m_FxEnabled":true},"in2DMode":false,"pivot":{"x":0.3906995952129364,"y":-0.5555964112281799,"z":-0.3801858127117157},"rotation":{"x":0.7050564885139465,"y":0.0030074811074882747,"z":-0.0025444382335990669,"w":0.7101319432258606},"size":4.272573471069336,"orthographic":false}