{"cameraMode":{"drawMode":0,"name":"Shaded","section":"Shading Mode"},"sceneLighting":false,"audioPlay":false,"sceneViewState":{"m_AlwaysRefresh":false,"showFog":true,"showSkybox":true,"showFlares":true,"showImageEffects":true,"showParticleSystems":true,"showVisualEffectGraphs":true,"m_FxEnabled":true},"in2DMode":false,"pivot":{"x":1.568009376525879,"y":1.4133458137512208,"z":0.10981535911560059},"rotation":{"x":0.38992172479629519,"y":0.04151969403028488,"z":-0.019754592329263688,"w":0.9204098582267761},"size":1.7015290260314942,"orthographic":false}