{"cameraMode":{"drawMode":0,"name":"Shaded","section":"Shading Mode"},"sceneLighting":false,"audioPlay":false,"sceneViewState":{"m_AlwaysRefresh":false,"showFog":true,"showSkybox":true,"showFlares":true,"showImageEffects":true,"showParticleSystems":true,"showVisualEffectGraphs":true,"m_FxEnabled":true},"in2DMode":false,"pivot":{"x":0.6121283173561096,"y":-22.405744552612306,"z":0.2771996557712555},"rotation":{"x":-0.7024322152137756,"y":-0.0017104513244703413,"z":0.001687941956333816,"w":-0.711749255657196},"size":13.394366264343262,"orthographic":false}