{"cameraMode":{"drawMode":0,"name":"Shaded","section":"Shading Mode"},"sceneLighting":false,"audioPlay":false,"sceneViewState":{"m_AlwaysRefresh":false,"showFog":true,"showSkybox":true,"showFlares":true,"showImageEffects":true,"showParticleSystems":true,"showVisualEffectGraphs":true,"m_FxEnabled":true},"in2DMode":false,"pivot":{"x":2.858826160430908,"y":2.0080087184906008,"z":0.07418651133775711},"rotation":{"x":0.39063286781311037,"y":-0.3399748206138611,"z":0.1558820605278015,"w":0.8418650031089783},"size":0.6969069242477417,"orthographic":false}