{"cameraMode":{"drawMode":0,"name":"Shaded","section":"Shading Mode"},"sceneLighting":false,"audioPlay":false,"sceneViewState":{"m_AlwaysRefresh":false,"showFog":true,"showSkybox":true,"showFlares":true,"showImageEffects":true,"showParticleSystems":true,"showVisualEffectGraphs":true,"m_FxEnabled":true},"in2DMode":false,"pivot":{"x":0.05242622643709183,"y":4.136589527130127,"z":-3.1389529705047609},"rotation":{"x":0.4822431802749634,"y":-0.009433683939278126,"z":0.005813356023281813,"w":0.8768883943557739},"size":0.5809474587440491,"orthographic":false}