{"cameraMode":{"drawMode":0,"name":"Shaded","section":"Shading Mode"},"sceneLighting":false,"audioPlay":false,"sceneViewState":{"m_AlwaysRefresh":false,"showFog":true,"showSkybox":true,"showFlares":true,"showImageEffects":true,"showParticleSystems":true,"showVisualEffectGraphs":true,"m_FxEnabled":true},"in2DMode":false,"pivot":{"x":-0.16370682418346406,"y":-2.035257339477539,"z":0.12836375832557679},"rotation":{"x":0.6920346021652222,"y":-0.001468122354708612,"z":-0.00023943258565850556,"w":0.7225761413574219},"size":3.5957190990448,"orthographic":false}