{"cameraMode":{"drawMode":0,"name":"Shaded","section":"Shading Mode"},"sceneLighting":false,"audioPlay":false,"sceneViewState":{"m_AlwaysRefresh":false,"showFog":true,"showSkybox":true,"showFlares":true,"showImageEffects":true,"showParticleSystems":true,"showVisualEffectGraphs":true,"m_FxEnabled":true},"in2DMode":false,"pivot":{"x":540.8248291015625,"y":-36.99064254760742,"z":-1.0046547651290894},"rotation":{"x":0.19270196557044984,"y":-0.016700146719813348,"z":0.0036347510758787395,"w":0.9818322658538818},"size":266.82568359375,"orthographic":false}