{"cameraMode":{"drawMode":0,"name":"Shaded","section":"Shading Mode"},"sceneLighting":false,"audioPlay":false,"sceneViewState":{"m_AlwaysRefresh":false,"showFog":true,"showSkybox":false,"showFlares":true,"showImageEffects":true,"showParticleSystems":true,"showVisualEffectGraphs":true,"m_FxEnabled":true},"in2DMode":false,"pivot":{"x":0.047145552933216098,"y":-5.064778804779053,"z":0.3812943696975708},"rotation":{"x":-0.6851930022239685,"y":-0.01690131612122059,"z":0.01665087230503559,"w":-0.7284666895866394},"size":3.3351781368255617,"orthographic":false}