{"cameraMode":{"drawMode":0,"name":"Shaded","section":"Shading Mode"},"sceneLighting":false,"audioPlay":false,"sceneViewState":{"m_AlwaysRefresh":false,"showFog":true,"showSkybox":false,"showFlares":true,"showImageEffects":true,"showParticleSystems":true,"showVisualEffectGraphs":true,"m_FxEnabled":true},"in2DMode":false,"pivot":{"x":-0.1440526843070984,"y":-5.127945899963379,"z":-0.04891610145568848},"rotation":{"x":-0.702670693397522,"y":-0.005812581162899733,"z":0.006518965121358633,"w":-0.711998701095581},"size":3.0351781845092775,"orthographic":false}