{"cameraMode":{"drawMode":0,"name":"Shaded","section":"Shading Mode"},"sceneLighting":false,"audioPlay":false,"sceneViewState":{"m_AlwaysRefresh":false,"showFog":true,"showSkybox":false,"showFlares":true,"showImageEffects":true,"showParticleSystems":true,"showVisualEffectGraphs":true,"m_FxEnabled":true},"in2DMode":false,"pivot":{"x":0.08864472061395645,"y":0.6352582573890686,"z":0.39896175265312197},"rotation":{"x":-0.6026293635368347,"y":-0.018786849454045297,"z":0.01447667833417654,"w":-0.7980011105537415},"size":1.5351784229278565,"orthographic":false}