{"cameraMode":{"drawMode":0,"name":"Shaded","section":"Shading Mode"},"sceneLighting":false,"audioPlay":false,"sceneViewState":{"m_AlwaysRefresh":false,"showFog":true,"showSkybox":false,"showFlares":true,"showImageEffects":true,"showParticleSystems":true,"showVisualEffectGraphs":true,"m_FxEnabled":true},"in2DMode":false,"pivot":{"x":-0.5850144624710083,"y":0.3570842146873474,"z":0.022312631830573083},"rotation":{"x":-0.16911722719669343,"y":-0.643347442150116,"z":0.1482851803302765,"w":-0.7320963740348816},"size":0.18010425567626954,"orthographic":false}