{"cameraMode":{"drawMode":0,"name":"Shaded","section":"Shading Mode"},"sceneLighting":false,"audioPlay":false,"sceneViewState":{"m_AlwaysRefresh":false,"showFog":true,"showSkybox":false,"showFlares":true,"showImageEffects":true,"showParticleSystems":true,"showVisualEffectGraphs":true,"m_FxEnabled":true},"in2DMode":false,"pivot":{"x":-0.39736855030059817,"y":-0.25892457365989687,"z":-1.2363096475601197},"rotation":{"x":-0.011383580043911934,"y":-0.8410896062850952,"z":0.5412578582763672,"w":-0.017297083511948587},"size":2.695719003677368,"orthographic":false}