{"cameraMode":{"drawMode":0,"name":"Shaded","section":"Shading Mode"},"sceneLighting":false,"audioPlay":false,"sceneViewState":{"m_AlwaysRefresh":false,"showFog":true,"showSkybox":false,"showFlares":true,"showImageEffects":true,"showParticleSystems":true,"showVisualEffectGraphs":true,"m_FxEnabled":true},"in2DMode":false,"pivot":{"x":-0.2889484465122223,"y":-0.11863686889410019,"z":-0.8281906247138977},"rotation":{"x":0.006549499928951263,"y":0.8522981405258179,"z":-0.5234962701797485,"w":0.010401418432593346},"size":1.1957192420959473,"orthographic":false}