{"cameraMode":{"drawMode":0,"name":"Shaded","section":"Shading Mode"},"sceneLighting":false,"audioPlay":false,"sceneViewState":{"m_AlwaysRefresh":false,"showFog":true,"showSkybox":false,"showFlares":true,"showImageEffects":true,"showParticleSystems":true,"showVisualEffectGraphs":true,"m_FxEnabled":true},"in2DMode":false,"pivot":{"x":-0.07674221694469452,"y":0.06553171575069428,"z":-0.6343697309494019},"rotation":{"x":0.009164124727249146,"y":0.869017481803894,"z":-0.4950389862060547,"w":0.015830934047698976},"size":1.1957192420959473,"orthographic":false}