{"cameraMode":{"drawMode":0,"name":"Shaded","section":"Shading Mode"},"sceneLighting":false,"audioPlay":false,"sceneViewState":{"m_AlwaysRefresh":false,"showFog":true,"showSkybox":false,"showFlares":true,"showImageEffects":true,"showParticleSystems":true,"showVisualEffectGraphs":true,"m_FxEnabled":true},"in2DMode":false,"pivot":{"x":0.5405235886573792,"y":1.5244905948638917,"z":-0.008740105666220189},"rotation":{"x":-0.44505754113197329,"y":-0.5340499877929688,"z":0.3957497179508209,"w":-0.6004307866096497},"size":0.7801042795181274,"orthographic":false}