{"cameraMode":{"drawMode":0,"name":"Shaded","section":"Shading Mode"},"sceneLighting":false,"audioPlay":false,"sceneViewState":{"m_AlwaysRefresh":false,"showFog":true,"showSkybox":false,"showFlares":true,"showImageEffects":true,"showParticleSystems":true,"showVisualEffectGraphs":true,"m_FxEnabled":true},"in2DMode":false,"pivot":{"x":947.2664794921875,"y":583.5780639648438,"z":12.195064544677735},"rotation":{"x":-0.46006137132644656,"y":-0.05413825809955597,"z":0.02921961061656475,"w":-0.8864026069641113},"size":114.75305938720703,"orthographic":false}